ID,Type,SKU,Name,Published,"Is featured?","Visibility in catalog","Short description",Description,"Date sale price starts","Date sale price ends","Tax status","Tax class","In stock?",Stock,"Low stock amount","Backorders allowed?","Sold individually?","Weight (kg)","Length (cm)","Width (cm)","Height (cm)","Allow customer reviews?","Purchase note","Sale price","Regular price",Categories,Tags,"Shipping class",Images,"Download limit","Download expiry days",Parent,"Grouped products",Upsells,Cross-sells,"External URL","Button text",Position
14,simple,,"Airpod 2",1,0,visible,,,,,taxable,,1,,,0,0,,,,,1,,,2000000,"Tai nghe",,,"http://luitspc.epizy.com/wp-content/uploads/2022/09/250_55022_tai_nghe_apple_airpods_2_0002_3.jpg, http://luitspc.epizy.com/wp-content/uploads/2022/09/250_55022_tai_nghe_apple_airpods_2_0002_3.jpg, http://luitspc.epizy.com/wp-content/uploads/2022/09/27422_tai_nghe_kingston_hyperx_cloud_2_gaming_red_0000_1.jpg, http://luitspc.epizy.com/wp-content/uploads/2022/09/51282_nzxt_kraken_z73_1.jpg, http://luitspc.epizy.com/wp-content/uploads/2022/09/52486_aoc_24g2__8_.png, http://luitspc.epizy.com/wp-content/uploads/2022/09/56779_may_choi_game_sony_playstation_5_standard_0002_3.jpg, http://luitspc.epizy.com/wp-content/uploads/2022/09/63683_asus_gaming_rog_strix_g513_16.jpeg, http://luitspc.epizy.com/wp-content/uploads/2022/09/63683_asus_gaming_rog_strix_g513_20.jpeg, http://luitspc.epizy.com/wp-content/uploads/2022/09/67579_.jpg, http://luitspc.epizy.com/wp-content/uploads/2022/09/bluetooth-true-wireless-samsung-galaxy-buds2-pro-trang-thumb-600x600-1.jpeg, http://luitspc.epizy.com/wp-content/uploads/2022/09/corsair-mm300-pro-1-org.jpg, http://luitspc.epizy.com/wp-content/uploads/2022/09/iphone-14-pro-max-tim-thumb-600x600-1.jpg, http://luitspc.epizy.com/wp-content/uploads/2022/09/man-hinh-gaming-viewsonic-xg2405-2-11-500x500-1.jpg, http://luitspc.epizy.com/wp-content/uploads/2022/09/pin-polymer-10000mah-khong-day-magnetic-type-c-qc30-xmobile-powerlite-p181p-190722-032754-600x600-1.jpg, http://luitspc.epizy.com/wp-content/uploads/2022/09/prox.webp, http://luitspc.epizy.com/wp-content/uploads/2022/09/sac-du-phong-10000mah-type-c-energizer-ue10047pq-190722-060435-600x600-1.jpg, http://luitspc.epizy.com/wp-content/uploads/2022/09/samsung-galaxy-watch-5-40-mm-lte-tb-600x600-1.jpg, http://luitspc.epizy.com/wp-content/uploads/2022/09/samsung-galaxy-z-flip4-5g-256gb-thumb-vang-600x600-1.jpg, http://luitspc.epizy.com/wp-content/uploads/2022/09/samsung-galaxy-z-fold4-kem-256gb-600x600-1.jpg",,,,,,,,,0
33,simple,,"HyperX Cloud 2",1,0,visible,,,,,taxable,,1,,,0,0,,,,,1,,,3000000,"Tai nghe",,,http://luitspc.epizy.com/wp-content/uploads/2022/09/27422_tai_nghe_kingston_hyperx_cloud_2_gaming_red_0000_1.jpg,,,,,,,,,0
34,simple,,"NZXT Kraken AIO",1,0,visible,,,,,taxable,,1,,,0,0,,,,,1,,,3500000,"Tản nhiệt",,,http://luitspc.epizy.com/wp-content/uploads/2022/09/51282_nzxt_kraken_z73_1.jpg,,,,,,,,,0
68,simple,,24G2,1,0,visible,,,,,taxable,,1,,,0,0,,,,,1,,4200000,4900000,"Màn hình máy tính",,,http://luitspc.epizy.com/wp-content/uploads/2022/10/52486_aoc_24g2__8_.png,,,,,,,,,0
78,simple,,"ViewSonic XG24",1,0,visible,,,,,taxable,,1,,,0,0,,,,,1,,4700000,5000000,"Màn hình máy tính",,,http://luitspc.epizy.com/wp-content/uploads/2022/09/man-hinh-gaming-viewsonic-xg2405-2-11-500x500-1.jpg,,,,,,,,,0
79,simple,,"Sạc dự phòng Energizer",1,0,visible,,,,,taxable,,1,,,0,0,,,,,1,,350000,500000,Gadgets,,,http://luitspc.epizy.com/wp-content/uploads/2022/09/sac-du-phong-10000mah-type-c-energizer-ue10047pq-190722-060435-600x600-1.jpg,,,,,,,,,0
80,simple,,"Play Station 5",1,0,visible,,,,,taxable,,1,,,0,0,,,,,1,,18500000,20000000,"Máy trạm game",,,http://luitspc.epizy.com/wp-content/uploads/2022/09/56779_may_choi_game_sony_playstation_5_standard_0002_3.jpg,,,,,,,,,0
81,simple,,"Pad Chuột Cosair",1,0,visible,,,,,taxable,,1,,,0,0,,,,,1,,,400000,Chuột,,,http://luitspc.epizy.com/wp-content/uploads/2022/09/corsair-mm300-pro-1-org.jpg,,,,,,,,,0
82,simple,,"Logitech GPro X Superlight",1,0,visible,,,,,taxable,,1,,,0,0,,,,,1,,2850000,3000000,Chuột,,,http://luitspc.epizy.com/wp-content/uploads/2022/09/prox.webp,,,,,,,,,0
83,simple,,"ASUS ROG Strix Scar G15",1,0,visible,,,,,taxable,,1,,,0,0,,,,,1,,,50000000,Laptop,,,http://luitspc.epizy.com/wp-content/uploads/2022/09/63683_asus_gaming_rog_strix_g513_16.jpeg,,,,,,,,,0
133,simple,,"Digital Camera",1,0,visible,"Aperiam dis eligendi? Imperdiet, sociis itaque dolor! A, enim praesent, convallis cumque. Elit morbi! Quam? Unde ad cupidatat! Lectus! Harum commodo, natoque repellat ab aliqua nesciunt ac porro wisi quisquam occaecat mollit? Eaque, consequat quidem magni, platea sem! Voluptatibus risus lectus nec, mattis deleniti dolore.","Litora tincidunt libero, dolor? Scelerisque aliquip. Quibusdam lacus laboriosam sagittis! Pellentesque, mattis occaecat, dignissimos accumsan explicabo, phasellus donec aperiam sequi pulvinar ante etiam integer magnam aptent reprehenderit. Vestibulum alias? Scelerisque amet, semper, phasellus, ratione quasi? Mus, molestias viverra senectus, felis consequatur saepe molestie sociis molestias arcu commodi ultrices aenean, auctor in tenetur, vel aperiam. Voluptatum numquam, enim! Sagittis doloribus aspernatur! Ante incididunt nibh, taciti magni elit? Varius laboriosam, convallis elit, eius per accumsan molestias donec sollicitudin libero nobis culpa phasellus accusantium habitant class autem adipisci ac aptent proident! Accusamus exercitation! Eleifend vivamus varius voluptates proident mattis exercitationem facilisi irure. Non.",,,taxable,,1,,,0,0,,,,,1,,115,125,"Electronics, Gadgets",Camera,,http://luitspc.epizy.com/wp-content/uploads/2022/08/product4-1.jpg,,,,,,,,,0
134,simple,,"Mechanical Watch",1,0,visible,"Aperiam dis eligendi? Imperdiet, sociis itaque dolor! A, enim praesent, convallis cumque. Elit morbi! Quam? Unde ad cupidatat! Lectus! Harum commodo, natoque repellat ab aliqua nesciunt ac porro wisi quisquam occaecat mollit? Eaque, consequat quidem magni, platea sem! Voluptatibus risus lectus nec, mattis deleniti dolore.","Litora tincidunt libero, dolor? Scelerisque aliquip. Quibusdam lacus laboriosam sagittis! Pellentesque, mattis occaecat, dignissimos accumsan explicabo, phasellus donec aperiam sequi pulvinar ante etiam integer magnam aptent reprehenderit. Vestibulum alias? Scelerisque amet, semper, phasellus, ratione quasi? Mus, molestias viverra senectus, felis consequatur saepe molestie sociis molestias arcu commodi ultrices aenean, auctor in tenetur, vel aperiam. Voluptatum numquam, enim! Sagittis doloribus aspernatur! Ante incididunt nibh, taciti magni elit? Varius laboriosam, convallis elit, eius per accumsan molestias donec sollicitudin libero nobis culpa phasellus accusantium habitant class autem adipisci ac aptent proident! Accusamus exercitation! Eleifend vivamus varius voluptates proident mattis exercitationem facilisi irure. Non.",,,taxable,,1,,,0,0,,,,,1,,,50,Gadgets,"Smart Watch",,http://luitspc.epizy.com/wp-content/uploads/2022/08/product3-1.jpg,,,,,,,,,0
135,simple,,"Iphone X",1,0,visible,"Aperiam dis eligendi? Imperdiet, sociis itaque dolor! A, enim praesent, convallis cumque. Elit morbi! Quam? Unde ad cupidatat! Lectus! Harum commodo, natoque repellat ab aliqua nesciunt ac porro wisi quisquam occaecat mollit? Eaque, consequat quidem magni, platea sem! Voluptatibus risus lectus nec, mattis deleniti dolore.","Litora tincidunt libero, dolor? Scelerisque aliquip. Quibusdam lacus laboriosam sagittis! Pellentesque, mattis occaecat, dignissimos accumsan explicabo, phasellus donec aperiam sequi pulvinar ante etiam integer magnam aptent reprehenderit. Vestibulum alias? Scelerisque amet, semper, phasellus, ratione quasi? Mus, molestias viverra senectus, felis consequatur saepe molestie sociis molestias arcu commodi ultrices aenean, auctor in tenetur, vel aperiam. Voluptatum numquam, enim! Sagittis doloribus aspernatur! Ante incididunt nibh, taciti magni elit? Varius laboriosam, convallis elit, eius per accumsan molestias donec sollicitudin libero nobis culpa phasellus accusantium habitant class autem adipisci ac aptent proident! Accusamus exercitation! Eleifend vivamus varius voluptates proident mattis exercitationem facilisi irure. Non.",,,taxable,,1,,,0,0,,,,,1,,,315,Gadgets,Mobile,,http://luitspc.epizy.com/wp-content/uploads/2022/08/product1-1.jpg,,,,,,,,,0
136,simple,,"DSLR Camera",1,0,visible,"Aperiam dis eligendi? Imperdiet, sociis itaque dolor! A, enim praesent, convallis cumque. Elit morbi! Quam? Unde ad cupidatat! Lectus! Harum commodo, natoque repellat ab aliqua nesciunt ac porro wisi quisquam occaecat mollit? Eaque, consequat quidem magni, platea sem! Voluptatibus risus lectus nec, mattis deleniti dolore.","Litora tincidunt libero, dolor? Scelerisque aliquip. Quibusdam lacus laboriosam sagittis! Pellentesque, mattis occaecat, dignissimos accumsan explicabo, phasellus donec aperiam sequi pulvinar ante etiam integer magnam aptent reprehenderit. Vestibulum alias? Scelerisque amet, semper, phasellus, ratione quasi? Mus, molestias viverra senectus, felis consequatur saepe molestie sociis molestias arcu commodi ultrices aenean, auctor in tenetur, vel aperiam. Voluptatum numquam, enim! Sagittis doloribus aspernatur! Ante incididunt nibh, taciti magni elit? Varius laboriosam, convallis elit, eius per accumsan molestias donec sollicitudin libero nobis culpa phasellus accusantium habitant class autem adipisci ac aptent proident! Accusamus exercitation! Eleifend vivamus varius voluptates proident mattis exercitationem facilisi irure. Non.",,,taxable,,1,,,0,0,,,,,1,,240,255,"Electronics, Gadgets",Camera,,http://luitspc.epizy.com/wp-content/uploads/2022/08/product5-1.jpg,,,,,,,,,0
137,simple,,"Apple Watch",1,0,visible,"Aperiam dis eligendi? Imperdiet, sociis itaque dolor! A, enim praesent, convallis cumque. Elit morbi! Quam? Unde ad cupidatat! Lectus! Harum commodo, natoque repellat ab aliqua nesciunt ac porro wisi quisquam occaecat mollit? Eaque, consequat quidem magni, platea sem! Voluptatibus risus lectus nec, mattis deleniti dolore.","Litora tincidunt libero, dolor? Scelerisque aliquip. Quibusdam lacus laboriosam sagittis! Pellentesque, mattis occaecat, dignissimos accumsan explicabo, phasellus donec aperiam sequi pulvinar ante etiam integer magnam aptent reprehenderit. Vestibulum alias? Scelerisque amet, semper, phasellus, ratione quasi? Mus, molestias viverra senectus, felis consequatur saepe molestie sociis molestias arcu commodi ultrices aenean, auctor in tenetur, vel aperiam. Voluptatum numquam, enim! Sagittis doloribus aspernatur! Ante incididunt nibh, taciti magni elit? Varius laboriosam, convallis elit, eius per accumsan molestias donec sollicitudin libero nobis culpa phasellus accusantium habitant class autem adipisci ac aptent proident! Accusamus exercitation! Eleifend vivamus varius voluptates proident mattis exercitationem facilisi irure. Non.",,,taxable,,1,,,0,0,,,,,1,,,60,Gadgets,"Smart Watch",,"http://luitspc.epizy.com/wp-content/uploads/2022/08/product2-1.jpg, http://luitspc.epizy.com/wp-content/uploads/2022/07/bosa-shop-img25.png, http://luitspc.epizy.com/wp-content/uploads/2022/07/5.jpg, http://luitspc.epizy.com/wp-content/uploads/2022/07/appa-img41.jpg",,,,,,,,,0
138,simple,,Accessories,1,0,visible,"Aperiam dis eligendi? Imperdiet, sociis itaque dolor! A, enim praesent, convallis cumque. Elit morbi! Quam? Unde ad cupidatat! Lectus! Harum commodo, natoque repellat ab aliqua nesciunt ac porro wisi quisquam occaecat mollit? Eaque, consequat quidem magni, platea sem! Voluptatibus risus lectus nec, mattis deleniti dolore.","Litora tincidunt libero, dolor? Scelerisque aliquip. Quibusdam lacus laboriosam sagittis! Pellentesque, mattis occaecat, dignissimos accumsan explicabo, phasellus donec aperiam sequi pulvinar ante etiam integer magnam aptent reprehenderit. Vestibulum alias? Scelerisque amet, semper, phasellus, ratione quasi? Mus, molestias viverra senectus, felis consequatur saepe molestie sociis molestias arcu commodi ultrices aenean, auctor in tenetur, vel aperiam. Voluptatum numquam, enim! Sagittis doloribus aspernatur! Ante incididunt nibh, taciti magni elit? Varius laboriosam, convallis elit, eius per accumsan molestias donec sollicitudin libero nobis culpa phasellus accusantium habitant class autem adipisci ac aptent proident! Accusamus exercitation! Eleifend vivamus varius voluptates proident mattis exercitationem facilisi irure. Non.",,,taxable,,1,,,0,0,,,,,1,,,25,Gadgets,,,"http://luitspc.epizy.com/wp-content/uploads/2022/08/businext-img42-1.jpg, http://luitspc.epizy.com/wp-content/uploads/2022/07/woocommerce-placeholder.png, http://luitspc.epizy.com/wp-content/uploads/2022/07/bosa-shop-img25.png, http://luitspc.epizy.com/wp-content/uploads/2022/07/5.jpg",,,,,,,,,0
139,simple,,Notebook,1,0,visible,"Aperiam dis eligendi? Imperdiet, sociis itaque dolor! A, enim praesent, convallis cumque. Elit morbi! Quam? Unde ad cupidatat! Lectus! Harum commodo, natoque repellat ab aliqua nesciunt ac porro wisi quisquam occaecat mollit? Eaque, consequat quidem magni, platea sem! Voluptatibus risus lectus nec, mattis deleniti dolore.","Litora tincidunt libero, dolor? Scelerisque aliquip. Quibusdam lacus laboriosam sagittis! Pellentesque, mattis occaecat, dignissimos accumsan explicabo, phasellus donec aperiam sequi pulvinar ante etiam integer magnam aptent reprehenderit. Vestibulum alias? Scelerisque amet, semper, phasellus, ratione quasi? Mus, molestias viverra senectus, felis consequatur saepe molestie sociis molestias arcu commodi ultrices aenean, auctor in tenetur, vel aperiam. Voluptatum numquam, enim! Sagittis doloribus aspernatur! Ante incididunt nibh, taciti magni elit? Varius laboriosam, convallis elit, eius per accumsan molestias donec sollicitudin libero nobis culpa phasellus accusantium habitant class autem adipisci ac aptent proident! Accusamus exercitation! Eleifend vivamus varius voluptates proident mattis exercitationem facilisi irure. Non.",,,taxable,,1,,,0,0,,,,,1,,,180,Electronics,Laptop,,"http://luitspc.epizy.com/wp-content/uploads/2022/07/appa-img46-1.jpg, http://luitspc.epizy.com/wp-content/uploads/2022/07/appa-img42.jpg, http://luitspc.epizy.com/wp-content/uploads/2022/07/appa-img41.jpg, http://luitspc.epizy.com/wp-content/uploads/2022/07/5.jpg",,,,,,,,,0
140,simple,,"Power bank",1,0,visible,"Aperiam dis eligendi? Imperdiet, sociis itaque dolor! A, enim praesent, convallis cumque. Elit morbi! Quam? Unde ad cupidatat! Lectus! Harum commodo, natoque repellat ab aliqua nesciunt ac porro wisi quisquam occaecat mollit? Eaque, consequat quidem magni, platea sem! Voluptatibus risus lectus nec, mattis deleniti dolore.","Litora tincidunt libero, dolor? Scelerisque aliquip. Quibusdam lacus laboriosam sagittis! Pellentesque, mattis occaecat, dignissimos accumsan explicabo, phasellus donec aperiam sequi pulvinar ante etiam integer magnam aptent reprehenderit. Vestibulum alias? Scelerisque amet, semper, phasellus, ratione quasi? Mus, molestias viverra senectus, felis consequatur saepe molestie sociis molestias arcu commodi ultrices aenean, auctor in tenetur, vel aperiam. Voluptatum numquam, enim! Sagittis doloribus aspernatur! Ante incididunt nibh, taciti magni elit? Varius laboriosam, convallis elit, eius per accumsan molestias donec sollicitudin libero nobis culpa phasellus accusantium habitant class autem adipisci ac aptent proident! Accusamus exercitation! Eleifend vivamus varius voluptates proident mattis exercitationem facilisi irure. Non.",,,taxable,,1,,,0,0,,,,,1,,30,35,"Electronics, Gadgets",,,"http://luitspc.epizy.com/wp-content/uploads/2022/07/appa-img45-1.jpg, http://luitspc.epizy.com/wp-content/uploads/2022/07/woocommerce-placeholder.png, http://luitspc.epizy.com/wp-content/uploads/2022/07/appa-img41.jpg, http://luitspc.epizy.com/wp-content/uploads/2022/07/appa-img42.jpg",,,,,,,,,0
141,simple,,"Iphone 14 Pro Max",1,0,visible,"Aperiam dis eligendi? Imperdiet, sociis itaque dolor! A, enim praesent, convallis cumque. Elit morbi! Quam? Unde ad cupidatat! Lectus! Harum commodo, natoque repellat ab aliqua nesciunt ac porro wisi quisquam occaecat mollit? Eaque, consequat quidem magni, platea sem! Voluptatibus risus lectus nec, mattis deleniti dolore.","Litora tincidunt libero, dolor? Scelerisque aliquip. Quibusdam lacus laboriosam sagittis! Pellentesque, mattis occaecat, dignissimos accumsan explicabo, phasellus donec aperiam sequi pulvinar ante etiam integer magnam aptent reprehenderit. Vestibulum alias? Scelerisque amet, semper, phasellus, ratione quasi? Mus, molestias viverra senectus, felis consequatur saepe molestie sociis molestias arcu commodi ultrices aenean, auctor in tenetur, vel aperiam. Voluptatum numquam, enim! Sagittis doloribus aspernatur! Ante incididunt nibh, taciti magni elit? Varius laboriosam, convallis elit, eius per accumsan molestias donec sollicitudin libero nobis culpa phasellus accusantium habitant class autem adipisci ac aptent proident! Accusamus exercitation! Eleifend vivamus varius voluptates proident mattis exercitationem facilisi irure. Non.",,,taxable,,1,,,0,0,,,,,1,,39999999,40000000,"Smart Phone",Mobile,,"http://luitspc.epizy.com/wp-content/uploads/2022/10/iphone-14-pro-max-tim-thumb-600x600-1.jpg, http://luitspc.epizy.com/wp-content/uploads/2022/07/bosa-shop-img25.png, http://luitspc.epizy.com/wp-content/uploads/2022/07/woocommerce-placeholder.png, http://luitspc.epizy.com/wp-content/uploads/2022/07/appa-img43.jpg",,,,,,,,,0
142,simple,,"Stand Keyboard",1,0,visible,"Aperiam dis eligendi? Imperdiet, sociis itaque dolor! A, enim praesent, convallis cumque. Elit morbi! Quam? Unde ad cupidatat! Lectus! Harum commodo, natoque repellat ab aliqua nesciunt ac porro wisi quisquam occaecat mollit? Eaque, consequat quidem magni, platea sem! Voluptatibus risus lectus nec, mattis deleniti dolore.","Litora tincidunt libero, dolor? Scelerisque aliquip. Quibusdam lacus laboriosam sagittis! Pellentesque, mattis occaecat, dignissimos accumsan explicabo, phasellus donec aperiam sequi pulvinar ante etiam integer magnam aptent reprehenderit. Vestibulum alias? Scelerisque amet, semper, phasellus, ratione quasi? Mus, molestias viverra senectus, felis consequatur saepe molestie sociis molestias arcu commodi ultrices aenean, auctor in tenetur, vel aperiam. Voluptatum numquam, enim! Sagittis doloribus aspernatur! Ante incididunt nibh, taciti magni elit? Varius laboriosam, convallis elit, eius per accumsan molestias donec sollicitudin libero nobis culpa phasellus accusantium habitant class autem adipisci ac aptent proident! Accusamus exercitation! Eleifend vivamus varius voluptates proident mattis exercitationem facilisi irure. Non.",,,taxable,,1,,,0,0,,,,,1,,,20,Gadgets,Laptop,,"http://luitspc.epizy.com/wp-content/uploads/2022/07/appa-img43-1.jpg, http://luitspc.epizy.com/wp-content/uploads/2022/07/5.jpg, http://luitspc.epizy.com/wp-content/uploads/2022/07/bosa-shop-img25.png, http://luitspc.epizy.com/wp-content/uploads/2022/07/woocommerce-placeholder.png",,,,,,,,,0
143,simple,,"Lenevo Laptop",1,0,visible,"Aperiam dis eligendi? Imperdiet, sociis itaque dolor! A, enim praesent, convallis cumque. Elit morbi! Quam? Unde ad cupidatat! Lectus! Harum commodo, natoque repellat ab aliqua nesciunt ac porro wisi quisquam occaecat mollit? Eaque, consequat quidem magni, platea sem! Voluptatibus risus lectus nec, mattis deleniti dolore.","Litora tincidunt libero, dolor? Scelerisque aliquip. Quibusdam lacus laboriosam sagittis! Pellentesque, mattis occaecat, dignissimos accumsan explicabo, phasellus donec aperiam sequi pulvinar ante etiam integer magnam aptent reprehenderit. Vestibulum alias? Scelerisque amet, semper, phasellus, ratione quasi? Mus, molestias viverra senectus, felis consequatur saepe molestie sociis molestias arcu commodi ultrices aenean, auctor in tenetur, vel aperiam. Voluptatum numquam, enim! Sagittis doloribus aspernatur! Ante incididunt nibh, taciti magni elit? Varius laboriosam, convallis elit, eius per accumsan molestias donec sollicitudin libero nobis culpa phasellus accusantium habitant class autem adipisci ac aptent proident! Accusamus exercitation! Eleifend vivamus varius voluptates proident mattis exercitationem facilisi irure. Non.",,,taxable,,1,,,0,0,,,,,1,,138,145,Electronics,Laptop,,"http://luitspc.epizy.com/wp-content/uploads/2022/07/appa-img42-1.jpg, http://luitspc.epizy.com/wp-content/uploads/2022/07/appa-img41.jpg, http://luitspc.epizy.com/wp-content/uploads/2022/07/bosa-shop-img25.png, http://luitspc.epizy.com/wp-content/uploads/2022/07/woocommerce-placeholder.png",,,,,,,,,0
144,simple,,"Beat Headphone",1,0,visible,"Aperiam dis eligendi? Imperdiet, sociis itaque dolor! A, enim praesent, convallis cumque. Elit morbi! Quam? Unde ad cupidatat! Lectus! Harum commodo, natoque repellat ab aliqua nesciunt ac porro wisi quisquam occaecat mollit? Eaque, consequat quidem magni, platea sem! Voluptatibus risus lectus nec, mattis deleniti dolore.","Litora tincidunt libero, dolor? Scelerisque aliquip. Quibusdam lacus laboriosam sagittis! Pellentesque, mattis occaecat, dignissimos accumsan explicabo, phasellus donec aperiam sequi pulvinar ante etiam integer magnam aptent reprehenderit. Vestibulum alias? Scelerisque amet, semper, phasellus, ratione quasi? Mus, molestias viverra senectus, felis consequatur saepe molestie sociis molestias arcu commodi ultrices aenean, auctor in tenetur, vel aperiam. Voluptatum numquam, enim! Sagittis doloribus aspernatur! Ante incididunt nibh, taciti magni elit? Varius laboriosam, convallis elit, eius per accumsan molestias donec sollicitudin libero nobis culpa phasellus accusantium habitant class autem adipisci ac aptent proident! Accusamus exercitation! Eleifend vivamus varius voluptates proident mattis exercitationem facilisi irure. Non.",,,taxable,,1,,,0,0,,,,,1,,,50,"Electronics, Gadgets",,,"http://luitspc.epizy.com/wp-content/uploads/2022/07/appa-img41-1.jpg, http://luitspc.epizy.com/wp-content/uploads/2022/07/appa-img42.jpg, http://luitspc.epizy.com/wp-content/uploads/2022/07/appa-img41.jpg, http://luitspc.epizy.com/wp-content/uploads/2022/07/5.jpg",,,,,,,,,0
403,simple,,"Samsung Galaxy Tab A7 Lite",1,0,visible,,,,,taxable,,1,,,0,0,,,,,1,,9500000,10000000,"Máy tính bảng",tablet,,http://luitspc.epizy.com/wp-content/uploads/2022/10/samsung-galaxy-tab-a7-lite-gray-600x600-1.jpg,,,,,,,,,0
404,simple,,"Camera an ninh",1,0,visible,,,,,taxable,,1,,,0,0,,,,,1,,3600000,4000000,"Camera, Camera > Camera an ninh",,,http://luitspc.epizy.com/wp-content/uploads/2022/10/camera-giam-sat.png,,,,,,,,,0
405,simple,,"Camera hành trình",1,0,visible,,,,,taxable,,1,,,0,0,,,,,1,,2999999,3000000,"Camera, Camera > Camera an ninh",Camera,,http://luitspc.epizy.com/wp-content/uploads/2022/10/camera-hanh-trinh.png,,,,,,,,,0
406,simple,,"Camera 360 độ - Ezviz",1,0,visible,,,,,taxable,,1,,,0,0,,,,,1,,450000,500000,"Camera, Camera > Camera an ninh",Camera,,http://luitspc.epizy.com/wp-content/uploads/2022/10/camera-ip-360-do-1080p-ezviz-c6n-trang-thumb-600x600-1.jpg,,,,,,,,,0
407,simple,,"Camera Outdoor 3Megapixel-Ezviz",1,0,visible,,,,,taxable,,1,,,0,0,,,,,1,,,600000,"Camera, Camera > Camera an ninh",,,http://luitspc.epizy.com/wp-content/uploads/2022/10/camera-ip-ngoai-troi-3mp-ezviz-c3tn-trang-thumb-600x600-1.jpg,,,,,,,,,0
409,simple,,"Camera Outdoor Tapo",1,0,visible,,,,,taxable,,1,,,0,0,,,,,1,,550000,600000,"Camera, Camera > Camera an ninh",,,http://luitspc.epizy.com/wp-content/uploads/2022/10/camera-ip-ngoai-troi-4mp-tp-link-tapo-c320ws-trang-thumb-600x600-1.jpg,,,,,,,,,0
410,simple,,"Webcam Rapo 1080p-60fps",1,0,visible,,,,,taxable,,1,,,0,0,,,,,1,,2000000,2400000,"Camera, Camera > Webcam",,,http://luitspc.epizy.com/wp-content/uploads/2022/10/logo.jpg,,,,,,,,,0
411,simple,,"Ipad Pro M2-12.5-Wifi-Silver",1,0,visible,,,,,taxable,,1,,,0,0,,,,,1,,22900000,23000000,"Máy tính bảng",,,http://luitspc.epizy.com/wp-content/uploads/2022/10/ipad-pro-m2-12.5-wifi-bac-thumb-600x600-1.jpg,,,,,,,,,0
412,simple,,"Samsung S22",1,0,visible,,,,,taxable,,1,,,0,0,,,,,1,,15500000,17000000,"Điện thoại",,,http://luitspc.epizy.com/wp-content/uploads/2022/10/Galaxy-S22-Black-600x600-1.jpg,,,,,,,,,0
413,simple,,"Samsung S22 Plus White",1,0,visible,,,,,taxable,,1,,,0,0,,,,,1,,17000000,18000000,"Điện thoại",phone,,http://luitspc.epizy.com/wp-content/uploads/2022/10/Galaxy-S22-Plus-White-600x600-1.jpg,,,,,,,,,0
414,simple,,"Iphone 11 White",1,0,visible,,,,,taxable,,1,,,0,0,,,,,1,,16500000,17000000,"Điện thoại",,,http://luitspc.epizy.com/wp-content/uploads/2022/10/iphone-11-trang-600x600-1.jpg,,,,,,,,,0
415,simple,,"Ipad Pro M2-12.5-inch-wifi-5g-xam",1,0,visible,,,,,taxable,,1,,,0,0,,,,,1,,35000000,36000000,"Máy tính bảng",,,http://luitspc.epizy.com/wp-content/uploads/2022/10/ipad-pro-m2-12.5-inch-wifi-5g-xam-thumb-600x600-1.jpg,,,,,,,,,0
416,simple,,"Iphone 12 Mini Red",1,0,visible,,,,,taxable,,1,,,0,0,,,,,1,,999999,1000000,"Điện thoại",,,http://luitspc.epizy.com/wp-content/uploads/2022/10/iphone-12-mini-do-4-600x600-1.jpg,,,,,,,,,0
417,simple,,"Iphone 13 Graphite",1,0,visible,,,,,taxable,,1,,,0,0,,,,,1,,19500000,20000000,"Điện thoại","iphone, phone",,http://luitspc.epizy.com/wp-content/uploads/2022/10/iphone-13-pro-graphite-600x600-1.jpg,,,,,,,,,0
418,simple,,"Iphone 13 Pro Max Green",1,0,visible,,,,,taxable,,1,,,0,0,,,,,1,,26500000,28000000,"Điện thoại","iphone, phone",,http://luitspc.epizy.com/wp-content/uploads/2022/10/iphone-13-pro-max-xanh-la-thumb-600x600-1.jpg,,,,,,,,,0
419,simple,,"Iphone 13 Starlight",1,0,visible,,,,,taxable,,1,,,0,0,,,,,1,,,2000000,"Điện thoại","iphone, phone",,http://luitspc.epizy.com/wp-content/uploads/2022/10/iphone-13-starlight-1-600x600-1.jpg,,,,,,,,,0
420,simple,,"Iphone 14 Plus Black",1,0,visible,,,,,taxable,,1,,,0,0,,,,,1,,,26000000,"Điện thoại","iphone, phone",,http://luitspc.epizy.com/wp-content/uploads/2022/10/iPhone-14-plus-thumb-den-600x600-1.jpg,,,,,,,,,0
421,simple,,"Iphone 14 Pro Max Black",1,0,visible,,,,,taxable,,1,,,0,0,,,,,1,,,38000000,"Điện thoại","iphone, phone",,http://luitspc.epizy.com/wp-content/uploads/2022/10/iphone-14-pro-max-den-thumb-600x600-1.jpg,,,,,,,,,0
422,simple,,"Oppo A55",1,0,visible,,,,,taxable,,1,,,0,0,,,,,1,,3700000,4000000,"Điện thoại",,,http://luitspc.epizy.com/wp-content/uploads/2022/10/oppo-a55-4g-thumb-new-600x600-1.jpg,,,,,,,,,0
423,simple,,"Oppo Find X5 Pro 5G",1,0,visible,,,,,taxable,,1,,,0,0,,,,,1,,28900000,29000000,"Điện thoại",phone,,http://luitspc.epizy.com/wp-content/uploads/2022/10/oppo-find-x5-pro-den-thumb-600x600-1.jpg,,,,,,,,,0
424,simple,,"Oppo Reno 8 Pro",1,0,visible,,,,,taxable,,1,,,0,0,,,,,1,,18900000,20000000,"Điện thoại",phone,,http://luitspc.epizy.com/wp-content/uploads/2022/10/oppo-reno8-pro-thumb-xanh-1-600x600-1.jpg,,,,,,,,,0
425,simple,,"Apple Watch Series 6",1,0,visible,,,,,taxable,,1,,,0,0,,,,,1,,,4000000,"Đồng Hồ",,,http://luitspc.epizy.com/wp-content/uploads/2022/10/249906-5-600x600-1.jpg,,,,,,,,,0
426,simple,,"Samsung S21 FE White",1,0,visible,,,,,taxable,,1,,,0,0,,,,,1,,,14000000,"Điện thoại",phone,,http://luitspc.epizy.com/wp-content/uploads/2022/10/Samsung-Galaxy-S21-FE-trang-1-2-600x600-1.jpg,,,,,,,,,0
427,simple,,"Iphone 14 Purple",1,0,visible,,,,,taxable,,1,,,0,0,,,,,1,,24000000,25000000,"Điện thoại",phone,,http://luitspc.epizy.com/wp-content/uploads/2022/10/iPhone-14-thumb-tim-1-600x600-1.jpg,,,,,,,,,0
428,simple,,"Apple Watch Ultra",1,0,visible,,,,,taxable,,1,,,0,0,,,,,1,,,23000000,"Đồng Hồ",watch,,http://luitspc.epizy.com/wp-content/uploads/2022/10/apple-watch-ultra-alpine-s-cam-thumbnew-600x600-1.jpg,,,,,,,,,0
429,simple,,"iPad Pro M1 12.9 inch 5G",1,0,visible,,,,,taxable,,1,,,0,0,,,,,1,,29290000,34990000,"Máy tính bảng",,,http://luitspc.epizy.com/wp-content/uploads/2022/10/ipad-pro-2021-129-inch-silver-600x600-1.jpg,,,,,,,,,0
430,simple,,"Vivo X80",1,0,visible,,,,,taxable,,1,,,0,0,,,,,1,,19000000,20000000,"Điện thoại",,,http://luitspc.epizy.com/wp-content/uploads/2022/10/vivo-x80-xanh-thumb-600x600-1.jpg,,,,,,,,,0
431,simple,,"Alcatel 3T8",1,0,visible,,,,,taxable,,1,,,0,0,,,,,1,,2330000,2990000,"Máy tính bảng",,,http://luitspc.epizy.com/wp-content/uploads/2022/10/Alcatel-3T8-1-600x600-1.jpg,,,,,,,,,0
432,simple,,"Xiaomi 11T Pro 5G",1,0,visible,,,,,taxable,,1,,,0,0,,,,,1,,14500000,17000000,"Điện thoại",phone,,http://luitspc.epizy.com/wp-content/uploads/2022/10/xiaomi-11t-pro-5g-8gb-thumb-600x600-1.jpeg,,,,,,,,,0
433,simple,,"Máy In Phun Màu HP Ink Tank 415 WiFi (Z4B53A)",1,0,visible,,,,,taxable,,1,,,0,0,,,,,1,,3890000,3990000,"Máy in",,,http://luitspc.epizy.com/wp-content/uploads/2022/10/may-in-phun-mau-hp-ink-tank-115-2lb19a-thumb-600x600-1.jpg,,,,,,,,,0
434,simple,,"Xiaomi Watch S1 Active 47mm",1,0,visible,,,,,taxable,,1,,,0,0,,,,,1,,4150000,5000000,"Đồng Hồ",,,http://luitspc.epizy.com/wp-content/uploads/2022/10/dong-ho-thong-minh-xiaomi-watch-s1-thumbn-600x600-1.jpg,,,,,,,,,0
435,simple,,"Hornor Watch 3",1,0,visible,,,,,taxable,,1,,,0,0,,,,,1,,2900000,3000000,"Đồng Hồ",,,http://luitspc.epizy.com/wp-content/uploads/2022/10/realme-watch-3-den-thumb-600x600-1.jpeg,,,,,,,,,0
436,simple,,"Máy In Phun Màu HP Ink Tank 315 (Z4B04A)",1,0,visible,,,,,taxable,,1,,,0,0,,,,,1,,3290000,3690000,"Máy in",,,http://luitspc.epizy.com/wp-content/uploads/2022/10/may-in-phun-mau-hp-da-nang-in-scan-copy-ink-tank-315-600x600-1.jpg,,,,,,,,,0
437,simple,,"Apple Watch Series 5 Silver",1,0,visible,,,,,taxable,,1,,,0,0,,,,,1,,2700000,4000000,"Đồng Hồ",,,http://luitspc.epizy.com/wp-content/uploads/2022/10/s5-lte-40mm-vien-thep-day-thep-vang-bac-600x600-1.jpg,,,,,,,,,0
439,simple,,"Máy in phun màu HP Ink Tank 115 (2LB19A)",1,0,visible,,,,,taxable,,1,,,0,0,,,,,1,,2740000,3190000,"Máy in",,,http://luitspc.epizy.com/wp-content/uploads/2022/10/may-in-phun-mau-da-nang-in-scan-copy-hp-ink-tank-415-thumb-02-600x600-1.jpg,,,,,,,,,0
440,simple,,"Galaxy Watch4 Classic White",1,0,visible,,,,,taxable,,1,,,0,0,,,,,1,,,3500000,"Đồng Hồ",,,http://luitspc.epizy.com/wp-content/uploads/2022/10/samsung-galaxy-watch-4-classic-42mm-600x600-1.jpg,,,,,,,,,0
441,simple,,"Máy In Phun Màu Canon PIXMA G3010 Wifi",1,0,visible,,,,,taxable,,1,,,0,0,,,,,1,,6490000,6590000,"Máy in",,,http://luitspc.epizy.com/wp-content/uploads/2022/10/may-in-phun-mau-da-nang-in-scan-copy-canon-pixma-g-abcd-fix-thumb-600x600-1.jpg,,,,,,,,,0
442,simple,,"Máy in HP Laser Trắng đen đa năng In scan copy LaserJet 135a (4ZB82A)",1,0,visible,,,,,taxable,,1,,,0,0,,,,,1,,3500000,4000000,"Máy in",printer,,http://luitspc.epizy.com/wp-content/uploads/2022/10/hp-laser-da-nang-laserjet-135a-4zb82a-thumb-600x600-1.jpg,,,,,,,,,0
443,simple,,"Máy in màu Laser HP 150a (4ZB94A)",1,0,visible,,,,,taxable,,1,,,0,0,,,,,1,,5190000,5390000,"Máy in",,,http://luitspc.epizy.com/wp-content/uploads/2022/10/may-in-mau-laser-hp-150a-4zb94a-thumb-600x600-1.jpg,,,,,,,,,0
444,simple,,"Máy in Laser đơn năng HP Neverstop 1000a (4RY22A)",1,0,visible,,,,,taxable,,1,,,0,0,,,,,1,,3000000,3900000,"Máy in",printer,,http://luitspc.epizy.com/wp-content/uploads/2022/10/laser-hp-neverstop-1000a-4ry22a-thumb-600x600-1.jpg,,,,,,,,,0
445,simple,,"Máy in Laser trắng đen HP LaserJet MFP M236dw (9YF95A)",1,0,visible,,,,,taxable,,1,,,0,0,,,,,1,,,6900000,"Máy in",,,http://luitspc.epizy.com/wp-content/uploads/2022/10/laser-trang-den-hp-laserjet-m211dw-9yf83a-240122-023707-600x600-1.jpg,,,,,,,,,0
446,simple,,"Máy in Laser trắng đen HP LaserJet M211d (9YF82A)",1,0,visible,,,,,taxable,,1,,,0,0,,,,,1,,,4090000,"Máy in",,,http://luitspc.epizy.com/wp-content/uploads/2022/10/laser-trang-den-hp-laserjet-m211d-9yf82a-thumb-600x600-1.jpg,,,,,,,,,0
449,simple,,"XBOX Series X",1,0,visible,,,,,taxable,,1,,,0,0,,,,,1,,14000000,17000000,"Máy trạm game",xbox,,http://luitspc.epizy.com/wp-content/uploads/2022/10/microsoft-xbox-serri-x-0.jpg,,,,,,,,,0
474,simple,,"Máy Lọc không khí Philips",1,0,visible,,,,,taxable,,1,,,0,0,,,,,1,,2600000,3000000,"Máy lọc không khí",,,http://luitspc.epizy.com/wp-content/uploads/2022/10/c689de4db410b19e4ad587d987e1eb60.jpg,,,,,,,,,0
475,simple,,"Máy lọc không khí Samsung",1,0,visible,,,,,taxable,,1,,,0,0,,,,,1,,3800000,4000000,"Máy lọc không khí",,,http://luitspc.epizy.com/wp-content/uploads/2022/10/10045566-may-loc-khong-khi-samsung-ax34r3020ww-sv-1.jpg,,,,,,,,,0
476,simple,,"Robot hút bụi Samsung VR05R5050WK/SV",1,0,visible,,,,,taxable,,1,,,0,0,,,,,1,,5600000,7800000,"Robot hút bụi",,,http://luitspc.epizy.com/wp-content/uploads/2022/10/samsung-vr05r5050wk-sv-150822-091749-600x600-1.jpg,,,,,,,,,0
477,simple,,"Robot Hút Bụi Xiaomi",1,0,visible,,,,,taxable,,1,,,0,0,,,,,1,,5900000,8000000,"Robot hút bụi",,,http://luitspc.epizy.com/wp-content/uploads/2022/10/Screenshot_20-9.jpg,,,,,,,,,0
478,simple,,"Máy hút bụi philips",1,0,visible,,,,,taxable,,1,,,0,0,,,,,1,,4800000,5000000,Uncategorized,,,http://luitspc.epizy.com/wp-content/uploads/2022/10/download.jpg,,,,,,,,,0
479,simple,,"May hút bụi Elextrolux",1,0,visible,,,,,taxable,,1,,,0,0,,,,,1,,,4000000,"Máy hút bụi",,,http://luitspc.epizy.com/wp-content/uploads/2022/10/10036162-may-hut-bui-electrolux-zb3314ak-1.jpg,,,,,,,,,0
480,simple,,"XBOX Series One X",1,0,visible,,,,,taxable,,1,,,0,0,,,,,1,,700000,1300000,"Máy trạm game",,,http://luitspc.epizy.com/wp-content/uploads/2022/10/10174659.jpg,,,,,,,,,0
481,simple,,"Steam Deck",1,0,visible,,,,,taxable,,1,,,0,0,,,,,1,,1500000,20000000,"Máy trạm game",,,http://luitspc.epizy.com/wp-content/uploads/2022/10/SteamDeck.png,,,,,,,,,0
482,simple,,"Nitendo Switch",1,0,visible,,,,,taxable,,1,,,0,0,,,,,1,,10000000,15000000,"Máy trạm game",,,http://luitspc.epizy.com/wp-content/uploads/2022/10/140007-games-review-nintendo-switch-review-image1-lp6zy9awm0.jpg,,,,,,,,,0
483,simple,,"Samsung Galaxy Watch 4 Milk",1,0,visible,,,,,taxable,,1,,,0,0,,,,,1,,2900000,4000000,"Đồng Hồ",,,http://luitspc.epizy.com/wp-content/uploads/2022/10/samsung-galaxy-watch-4-40mm-1-2-600x600-1.jpg,,,,,,,,,0
